participant_id,document_distance,pivot_score,initial_article,EVAL_FAV,system_evaluation
R_1Q3jspjIGvGfpj6,0.39941427,0.4574690004759156,1438311543159492402,Probably not,2
R_200HvJYVi6DjetX,0.17800774,0.15545908246910292,530986469579384120,Probably yes,4
R_20Mg2ydzrmRPuTS,0.1529407,0.2798356873825031,796938348966095696,Probably not,2
R_20OvsV8pbasIiNc,0.40372267,0.21880100089094584,5491104466804203330,Definitely yes,5
R_20V55rhakia7z7H,0.04254158,0.1864032462004827,2456619456329951735,Probably yes,4
R_20qw2uwPBVWFUMz,0.3531136,0.23163039987105177,3296746765751020342,Probably not,2
R_20tV7q0KTCMloNK,0.09028169,0.14768566775769632,8882472840792478116,Probably yes,4
R_20w0SoCmyHa2b5K,0.42131436,0.262449979140355,5956279499423670987,Probably yes,4
R_21Av2RJBJ2a2dC2,0.23045224,0.3030165573009558,2379104632730332592,Probably yes,4
R_21KnvXg5zs1Mtiw,0.24482182,0.3792161145344061,2379104632730332592,Probably yes,4
R_21gA9TGO84i3rDH,0.66185594,0.5097776821685797,8882472840792478116,Definitely yes,5
R_21hAonfFb7zKW5P,0.44914418,0.43997532843979476,796938348966095696,Definitely yes,5
R_21hRTrgUC6xaV1X,0.22584647,0.2932153735498792,4195877563533573975,Maybe / Neutral,3
R_21pRiLXB3LvDJXW,0.17929164,0.1872982390673149,4564976416799722477,Maybe / Neutral,3
R_2290JiC4gp4EIgq,0.33439684,0.3437808094815683,4654643768222868667,Definitely yes,5
R_22JDFkUpqwBIHHW,0.42131436,0.262449979140355,5956279499423670987,Probably yes,4
R_22Pk3rLw4wQD9CO,0.46678805,0.28786586165664174,3433419919801643428,Probably yes,4
R_22Pzbx2jjhrtn7N,0.24482182,0.3792161145344061,2379104632730332592,Probably not,2
R_22QNpk0wOsms2HA,0.16521029,0.3120901627279739,8882472840792478116,Definitely yes,5
R_22ReXzqb6fU1UTj,0.24304818,0.36299183066068863,4654643768222868667,Definitely yes,5
R_22XhulwVDGuFpjt,0.1529407,0.2798356873825031,796938348966095696,Probably not,2
R_22ilpPqyrfeZDWP,0.049279124,0.08215745900273407,2677787335628833521,Definitely yes,5
R_22toaYY0rIGrYZD,0.24184099,0.17518861562551002,3433419919801643428,Probably yes,4
R_22xhQzf3neu34KT,0.35754794,0.18940468237330976,8882472840792478116,Definitely yes,5
R_232zjWi19hLLqoW,0.04254158,0.1864032462004827,2456619456329951735,Definitely not,1
R_233GoRQb4ky6Rhs,0.30449003,0.18253909321072462,4999386554223609553,Maybe / Neutral,3
R_23jqe4X73lXn2Mx,0.21584828,0.16275006322747013,3296746765751020342,Maybe / Neutral,3
R_24ABuGimFn7v6MY,0.36483985,0.5490586749778041,8015383549983446921,Definitely yes,5
R_24AWjdTJkf468nL,0.30685276,0.16533957622119624,3433419919801643428,Definitely yes,5
R_24l7kaTBZ9kMhKB,0.4669515,0.3152036354144902,3433419919801643428,Probably yes,4
R_24o2JWHFLEgcT5Z,0.66185594,0.5097776821685797,8882472840792478116,Probably yes,4
R_24wTCJF4sf5sDsy,0.533723,0.37063681832096945,3296746765751020342,Definitely yes,5
R_25B0awrZAmFMRen,0.43931878,0.311233688185045,530986469579384120,Probably yes,4
R_25KmdpHHgUIBKoj,0.2528668,0.2726109788170874,2379104632730332592,Maybe / Neutral,3
R_25L6INqTd599y6m,0.25079688,0.28807469793267926,5491104466804203330,Probably yes,4
R_265fDj06cEPKR8n,0.15324952,0.3051238655269098,8882472840792478116,Definitely yes,5
R_26JPqf4mIAqybhT,0.35754794,0.18940468237330976,8882472840792478116,Probably yes,4
R_26ZyAjAiYzQMiop,0.053210646,0.09010579028912433,530986469579384120,Definitely yes,5
R_26eWX1uRfsH03MQ,0.2528668,0.2726109788170874,2379104632730332592,Probably yes,4
R_26gysh4sUTMOvk9,0.046398945,0.12525886428280852,2734917814992372242,Definitely not,1
R_26loDqjFbtuaC8Z,0.053210646,0.09010579028912433,530986469579384120,Probably yes,4
R_279LanFkdd8Dtdf,0.7277787,0.1482259989862481,2379104632730332592,Maybe / Neutral,3
R_27J2DASRY3wUfqK,0.46076745,0.20239765704316393,4195877563533573975,Probably yes,4
R_27llD29NLyXoV7B,0.2690866,0.14134601787471307,4654643768222868667,Probably not,2
R_27qr444bnXgvodz,0.4350751,0.24263885478691194,4999386554223609553,Probably yes,4
R_28H7WNWtxGma20Y,0.055201177,0.09481791371830069,4564976416799722477,Maybe / Neutral,3
R_28P0VDAQByOf2xL,0.43054402,0.24919826303479484,3296746765751020342,Probably not,2
R_290z3JtS1Lskucd,0.0300356,0.1116728316426504,4144687553363237533,Probably not,2
R_295KIe8Xa7z4cs7,0.30449003,0.18253909321072462,4999386554223609553,Definitely yes,5
R_29XwxOckbex9hap,0.15993413,0.20044870031693213,530986469579384120,Probably yes,4
R_29oFHp4CjsJw9Sh,0.098266125,0.12645844142206963,1438311543159492402,Maybe / Neutral,3
R_2A1MDLPnXbS2kRX,0.5844752,0.5667045216478717,8882472840792478116,Probably not,2
R_2A5Zanp3J3Chogp,0.57194626,0.27951443810138143,66633674095414256,Probably yes,4
R_2AA0wgVHH3R9Ss9,0.11647993,0.08642878665043541,5956279499423670987,Probably not,2
R_2AI38jTn058Qiv7,0.30449003,0.18253909321072462,4999386554223609553,Definitely yes,5
R_2AMQT2zlGAnCcXD,0.15993413,0.20044870031693213,530986469579384120,Maybe / Neutral,3
R_2AYX9FtrqKMgFln,0.48469114,0.25576575939410284,4999386554223609553,Definitely not,1
R_2AjjWwh8a1YhBPb,0.6530608,0.18882883087152136,66633674095414256,Maybe / Neutral,3
R_2B5NovNFAe7J7sV,0.16621469,0.2173878974592328,3331484224154216577,Probably yes,4
R_2BQMfFkIKWxaaB1,0.25939852,0.31274151496508906,2863891820726563392,Maybe / Neutral,3
R_2BVLuUgbPEfVvGU,0.32275558,0.14273922670461126,6469266472911271489,Definitely yes,5
R_2BsKHTjAGtdDVOz,0.13475096,0.3842806684113381,2456619456329951735,Maybe / Neutral,3
R_2ByReXiCgsGzesD,0.1498497,0.20950107299256515,2456619456329951735,Probably yes,4
R_2C0XnE0TBCfNMNx,0.39621174,0.17611007369948461,5875490904973317464,Maybe / Neutral,3
R_2C9B3YRupaHMa1C,0.24569131,0.3154570365757713,5491104466804203330,Probably yes,4
R_2CBYWcu98dBYlHW,0.37119552,0.1861060121797823,3433419919801643428,Maybe / Neutral,3
R_2CHAE0zRGvVK9Nn,0.049279124,0.08215745900273407,2677787335628833521,Probably yes,4
R_2CJH019Z3Ri0R4v,0.42526764,0.5787433751270278,8015383549983446921,Maybe / Neutral,3
R_2CJgOMoup5o6jzL,0.19071768,0.2100312113925562,3433419919801643428,Definitely yes,5
R_2CT0fCbmlKLNkXW,0.2528668,0.2726109788170874,2379104632730332592,Definitely yes,5
R_2CYOcZVzn8dnEDD,0.3340286,0.31952793018550296,4195877563533573975,Probably yes,4
R_2CZWLDXec10nb2d,0.2528668,0.2726109788170874,2379104632730332592,Maybe / Neutral,3
R_2CcjK90z0bOmZ8t,0.053210646,0.09010579028912433,530986469579384120,Probably yes,4
R_2CdC5cBmTZfHkPL,0.37935418,0.21020669798176814,1438311543159492402,Probably not,2
R_2CdyR8hMMXjr0jh,0.6373203,0.32374128831246285,8882472840792478116,Definitely yes,5
R_2Cj5ItOadowvQG4,0.049279124,0.08215745900273407,2677787335628833521,Definitely yes,5
R_2ClUZEzDL1zGszk,0.46785855,0.11347564382763686,3296746765751020342,Definitely not,1
R_2CqAUeZoBDc2Emi,0.49118415,0.25699223756594364,3331484224154216577,Maybe / Neutral,3
R_2Cxlwh5fqHD3FTw,0.5146077,0.12487859759340897,5956279499423670987,Probably yes,4
R_2CyAhbwQJ5JEK0m,0.0300356,0.1116728316426504,4144687553363237533,Probably yes,4
R_2D5ipHvubYA4tv3,0.3861164,0.15505328839812732,3296746765751020342,Probably yes,4
R_2D7UMQYUqtpdCne,0.6373203,0.32374128831246285,8882472840792478116,Probably not,2
R_2D8fAYil43IqvgC,0.15324952,0.3051238655269098,8882472840792478116,Definitely yes,5
R_2DBHXkkr5HGWQxW,0.29876018,0.3297356426054224,530986469579384120,Probably yes,4
R_2DNpPPeR7SG1DfI,0.2552287,0.16712324727897937,4999386554223609553,Definitely not,1
R_2Dbqj9boJtGQx1L,0.43662748,0.260787526613868,3331484224154216577,Probably yes,4
R_2Dnz8FLV6NsWnnL,0.41994733,0.4308466878028634,2863891820726563392,Definitely yes,5
R_2Dv7MtWoOzVvp6Y,0.5827277,0.3156788624683091,4564976416799722477,Maybe / Neutral,3
R_2DwGSHKV22m3fz6,0.23461603,0.2312461961988746,4999386554223609553,Definitely yes,5
R_2E5W5u3cW2CoQAP,0.2507099,0.21363179456274742,1438311543159492402,Maybe / Neutral,3
R_2E7EKPUlxbG61Mt,0.30449003,0.18253909321072462,4999386554223609553,Maybe / Neutral,3
R_2EBqt86MGHsbgdw,0.56160593,0.23898222398140134,4564976416799722477,Definitely not,1
R_2EMQ5LVWR4Y8ccV,0.22988245,0.27696690590171535,2677787335628833521,Probably yes,4
R_2EZCt3q0E7x7aFp,0.35652795,0.3329574145393164,530986469579384120,Probably not,2
R_2EbFxQ6wrc7kSQr,0.7277787,0.1482259989862481,2379104632730332592,Probably yes,4
R_2EcWpnGJLmcikUb,0.04254158,0.1864032462004827,2456619456329951735,Probably yes,4
R_2Ed6xhtG56Ttn1h,0.42612627,0.40236292731183765,8015383549983446921,Maybe / Neutral,3
R_2EgdGGPv0zypk24,0.25687814,0.24838358935888247,2456619456329951735,Definitely yes,5
R_2EyhQUwQrEYv6ZA,0.35754794,0.18940468237330976,8882472840792478116,Maybe / Neutral,3
R_2F2k07mA23Ohv1w,0.16621469,0.2173878974592328,3331484224154216577,Probably yes,4
R_2F559koZegfvdc2,0.42131436,0.262449979140355,5956279499423670987,Maybe / Neutral,3
R_2Ffxps3rpxQxRfr,0.4165243,0.1367851323236389,6061650689019282515,Maybe / Neutral,3
R_2GKfgFfX9SoNQ7N,0.17929164,0.1872982390673149,4564976416799722477,Definitely yes,5
R_2GbV2295dAN1SuJ,0.18343826,0.18725624039900038,4974075726111349606,Maybe / Neutral,3
R_2H6ljxCPcbepPME,0.057334855,0.12385732569845685,2379104632730332592,Definitely yes,5
R_2HRTIS3fbybJEQh,0.4165243,0.1367851323236389,6061650689019282515,Maybe / Neutral,3
R_2HS9ODn3VwTwgUm,0.28441352,0.28951342667802993,2456619456329951735,Probably yes,4
R_2HTzDPJ40HXOUKx,0.2285676,0.43768822384033734,2677787335628833521,Probably yes,4
R_2HYOzr7MMaUUE1Z,0.42131436,0.262449979140355,5956279499423670987,Probably yes,4
R_2HhP9FVUufwnmQt,0.6039425,0.27789757623193634,3331484224154216577,Maybe / Neutral,3
R_2HqQ5z4ZyVHhqWv,0.3693828,0.24042158351873824,4144687553363237533,Definitely yes,5
R_2HyZGlO2PzmiWyZ,0.1498497,0.20950107299256515,2456619456329951735,Definitely yes,5
R_2I0ojhwx3vxjg9Y,0.5163863,0.24095322069974187,8015383549983446921,Maybe / Neutral,3
R_2I4znMsGO1sTERn,0.44718271,0.34652743266863695,3296746765751020342,Maybe / Neutral,3
R_2I5FaEzgiqSSArl,0.0654709,0.10958659790882443,3331484224154216577,Definitely yes,5
R_2I66uHEswZkS0E3,0.62464917,0.2740965082004395,5875490904973317464,Definitely not,1
R_2IABrqMNr8hVmWq,0.16601929,0.12055720468229104,4564976416799722477,Definitely yes,5
R_2ITe8mkcHBFUUhE,0.43931878,0.311233688185045,530986469579384120,Maybe / Neutral,3
R_2IUPcs9r2WVn6IV,0.24516371,0.1836215203617404,796938348966095696,Maybe / Neutral,3
R_2IZiSsq0GnRYLBP,0.20720986,0.2699605074019198,4999386554223609553,Probably not,2
R_2IbK8Zk27P8s0Xf,0.24569131,0.3154570365757713,5491104466804203330,Probably yes,4
R_2IcsAvNKOshhx7m,0.16521029,0.3120901627279739,8882472840792478116,Definitely not,1
R_2IdbZVyUpTO5g4I,0.045179296,0.05426655360304225,5956279499423670987,Probably yes,4
R_2Igi7ZCKr531jVL,0.37119552,0.1861060121797823,3433419919801643428,Probably yes,4
R_2In8sIXFAzdK3gB,0.39941427,0.4574690004759156,1438311543159492402,Probably yes,4
R_2Ipe0kve3BWGVFn,0.20720986,0.2699605074019198,4999386554223609553,Definitely yes,5
R_2JD7O2UCKwbrC0T,0.09673455,0.16217206263776154,5956279499423670987,Probably yes,4
R_2JUQTnLzXetRL0K,0.10921113,0.19989392793349098,3331484224154216577,Probably yes,4
R_2JaChx4pL54ONfm,0.19071768,0.2100312113925562,3433419919801643428,Maybe / Neutral,3
R_2JjWsBVevvU7e8p,0.44718271,0.34652743266863695,3296746765751020342,Probably not,2
R_2JrOXEJZc5SAjFw,0.22905567,0.12435988767331506,5956279499423670987,Maybe / Neutral,3
R_2JzsRm6vQ4VcLBb,0.09028169,0.14768566775769632,8882472840792478116,Definitely yes,5
R_2K8caepgRn4tV9r,0.6165818,0.14513456737402242,3331484224154216577,Definitely yes,5
R_2KdVOznAU7VZOFj,0.28913283,0.1107516449451063,2379104632730332592,Probably not,2
R_2LMyFZc0vy8HuoC,0.47594583,0.15566489435525266,530986469579384120,Maybe / Neutral,3
R_2LYFAktRsEJaHUc,0.59799963,0.24280900307341072,4974075726111349606,Probably not,2
R_2LZmo3UUBchFo99,0.44231448,0.2555278228626513,4195877563533573975,Probably yes,4
R_2LcKRkZHly9S5Qz,0.038225744,0.11258185082154042,8015383549983446921,Probably yes,4
R_2LdIesUqdEwvqIO,0.2528668,0.2726109788170874,2379104632730332592,Probably yes,4
R_2Ldj8FdYI9Sii2D,0.48755577,0.3520800714422843,4654643768222868667,Probably yes,4
R_2Lu1smhrNo5NM6N,0.28913283,0.1107516449451063,2379104632730332592,Maybe / Neutral,3
R_2MEh7ivdFRMN6rT,0.121196896,0.16838943435749326,4974075726111349606,Maybe / Neutral,3
R_2MPROFROyj0a769,0.14580636,0.10238811021461489,4144687553363237533,Definitely yes,5
R_2MPS0pfIbT3JR0e,0.24443325,0.23556888299149875,4974075726111349606,Maybe / Neutral,3
R_2MxjgyrHdB1xAwz,0.24596213,0.2869852494352146,1438311543159492402,Definitely yes,5
R_2NCCkVk2h7IEEzB,0.036053773,0.04891312563549458,4654643768222868667,Maybe / Neutral,3
R_2NCI1sJjLZ4liGg,0.18343826,0.18725624039900038,4974075726111349606,Definitely yes,5
R_2NChieOLES3pU5Y,0.1498497,0.20950107299256515,2456619456329951735,Maybe / Neutral,3
R_2NE393sBXxq1d6y,0.533723,0.37063681832096945,3296746765751020342,Maybe / Neutral,3
R_2NL1dieIMl9xusE,0.25079688,0.28807469793267926,5491104466804203330,Definitely yes,5
R_2NULUTSaU8hFQez,0.48301452,0.23831583638990692,4144687553363237533,Probably yes,4
R_2NqU0ZWfxzPbQBo,0.25514847,0.16645860197440104,5956279499423670987,Probably not,2
R_2NwCNB58VVd1Vig,0.56872594,0.20267515884302495,2677787335628833521,Definitely yes,5
R_2NyT3jdvlSuR29z,0.51975673,0.5398865019303488,2863891820726563392,Probably yes,4
R_2O8FNpXiOtBmk37,0.25514847,0.16645860197440104,5956279499423670987,Definitely yes,5
R_2ODjvvCEPajjOHM,0.0300356,0.1116728316426504,4144687553363237533,Definitely yes,5
R_2OIX5LW9lQFV65X,0.15367074,0.28075102152032133,5491104466804203330,Probably yes,4
R_2OMYY8U1MeJQwK7,0.04254158,0.1864032462004827,2456619456329951735,Probably yes,4
R_2OOM15DWgOfb9uk,0.057334855,0.12385732569845685,2379104632730332592,Definitely yes,5
R_2OVo43iRnmfexUj,0.04917896,0.16173862151698137,796938348966095696,Maybe / Neutral,3
R_2Oe8KBobQ3YZMZj,0.28432038,0.22770640425914748,2456619456329951735,Definitely not,1
R_2Oo0ee3Sees91yp,0.42156398,0.28354522938462257,4195877563533573975,Probably yes,4
R_2P5PF1eXMSCKN1H,0.1529407,0.2798356873825031,796938348966095696,Probably yes,4
R_2P6TBQuYdmYs0Vy,0.18343826,0.18725624039900038,4974075726111349606,Maybe / Neutral,3
R_2PBuE5geh597AJR,0.6039425,0.27789757623193634,3331484224154216577,Maybe / Neutral,3
R_2PcVx0aWZjRefAo,0.045179296,0.05426655360304225,5956279499423670987,Probably yes,4
R_2PhuHZEaEv28HJO,0.7277787,0.1482259989862481,2379104632730332592,Probably not,2
R_2PigzF4DSWHaAg1,0.42526764,0.5787433751270278,8015383549983446921,Definitely yes,5
R_2PiiAzxAl8St9xr,0.24443325,0.23556888299149875,4974075726111349606,Probably not,2
R_2Pj9zinSrXlXENj,0.14182222,0.2520388584044589,2456619456329951735,Definitely yes,5
R_2PrAVBslwQFeFAl,0.17800774,0.15545908246910292,530986469579384120,Maybe / Neutral,3
R_2PvFpezgdPDMutI,0.2528668,0.2726109788170874,2379104632730332592,Definitely not,1
R_2QEKNDsncbWudOE,0.4669515,0.3152036354144902,3433419919801643428,Probably yes,4
R_2QFOs2XdzMzp3uL,0.3971769,0.3813007332560213,2677787335628833521,Probably yes,4
R_2QG0dmfQujrZfXZ,0.19562227,0.2022456344399013,5956279499423670987,Definitely yes,5
R_2QJJCLPtynuB5KE,0.31144163,0.15098539501531855,4654643768222868667,Probably not,2
R_2QL3BwapGujKtz7,0.20720986,0.2699605074019198,4999386554223609553,Maybe / Neutral,3
R_2QLaGCQxZexXFwn,0.15324952,0.3051238655269098,8882472840792478116,Probably yes,4
R_2QfBDMNT0x257r8,0.25939852,0.31274151496508906,2863891820726563392,Maybe / Neutral,3
R_2QgB4MzceoeLZdc,0.18555263,0.343932832020784,2734917814992372242,Probably yes,4
R_2Qm8K5PPAWzzPFd,0.42131436,0.262449979140355,5956279499423670987,Maybe / Neutral,3
R_2QsqgxpzScNJKpN,0.38442686,0.36333651788898425,3296746765751020342,Probably yes,4
R_2QznuQDPKxsl3eF,0.045179296,0.05426655360304225,5956279499423670987,Definitely yes,5
R_2RsI9PqD3b1T8Ty,0.69612813,0.1224304773973637,5875490904973317464,Probably yes,4
R_2SlympLGTTw13rR,0.4495901,0.18404592399952377,2863891820726563392,Probably yes,4
R_2SyFR6fOtTAvZRv,0.18844242,0.18648873530644888,4974075726111349606,Probably yes,4
R_2TB2ttQFf2G18NC,0.543429,0.0992316710607977,5875490904973317464,Probably yes,4
R_2THRnYs8WcgU5Ne,0.11647993,0.08642878665043541,5956279499423670987,Definitely yes,5
R_2THSobrTfxwUVgI,0.48497337,0.4136098405943529,3433419919801643428,Probably yes,4
R_2TYjB1fAvqVKr96,0.5232322,0.14763447536899602,66633674095414256,Probably not,2
R_2Tt0MSnGxC8ppHO,0.07534151,0.1913502106213695,3433419919801643428,Maybe / Neutral,3
R_2U0eVwjSYbUTcS7,0.25939852,0.31274151496508906,2863891820726563392,Probably yes,4
R_2UtJO0LTxBTRauZ,0.2285676,0.43768822384033734,2677787335628833521,Probably yes,4
R_2V2X4sgJ5Rhd9gh,0.48456627,0.2824751451325336,8882472840792478116,Maybe / Neutral,3
R_2V3SjOiSKyCSx4B,0.533723,0.37063681832096945,3296746765751020342,Definitely not,1
R_2VD9GKhNOqEAczY,0.07534151,0.1913502106213695,3433419919801643428,Probably yes,4
R_2VKoMicpqkGb7Qe,0.3693828,0.24042158351873824,4144687553363237533,Probably not,2
R_2W5fRLzTpICGvIt,0.42743105,0.19080257406768086,4144687553363237533,Maybe / Neutral,3
R_2WIOxTv0Dn1Q0sU,0.2853297,0.505409092644508,5491104466804203330,Probably yes,4
R_2WJgzofleIpSLVs,0.52981406,0.19253509537433072,2456619456329951735,Definitely not,1
R_2WoSEXE0KsCbGVj,0.14182222,0.2520388584044589,2456619456329951735,Probably yes,4
R_2X0OFpczhcWnJrH,0.19562227,0.2022456344399013,5956279499423670987,Probably yes,4
R_2X1KzbyUdPSstpb,0.4859432,0.24914720694974013,2863891820726563392,Probably not,2
R_2Xkef97BWpNzkid,0.23853365,0.17222283487878998,4144687553363237533,Probably yes,4
R_2XmXh8fg2EeED7z,0.14641905,0.21401426674835272,530986469579384120,Probably yes,4
R_2YCX710qyS1mCZj,0.2853297,0.505409092644508,5491104466804203330,Probably yes,4
R_2YQDCreoTDFqj8G,0.41396028,0.1983316936081908,4974075726111349606,Probably yes,4
R_2YgOYzziBqSqK0F,0.26544806,0.1284864372490564,8015383549983446921,Definitely yes,5
R_2YgPw1Kwu6TKxyY,0.27638966,0.16980444391655342,8015383549983446921,Maybe / Neutral,3
R_2YnXCTf2QnLOZ0u,0.057334855,0.12385732569845685,2379104632730332592,Probably yes,4
R_2ZBKcuBHvV3lY9L,0.21553065,0.1749514834849908,2379104632730332592,Probably yes,4
R_2aNATDSmDdk8UHD,0.533723,0.37063681832096945,3296746765751020342,Probably yes,4
R_2aNAiiSA2yx8nFT,0.197304,0.14921674984317868,4999386554223609553,Probably yes,4
R_2aXHw5RSGI8urHk,0.17929164,0.1872982390673149,4564976416799722477,Probably yes,4
R_2aeoDeeLItvXrp8,0.30685276,0.16533957622119624,3433419919801643428,Maybe / Neutral,3
R_2al63aJ5JmAToMz,0.31147605,0.2547734107999158,2379104632730332592,Maybe / Neutral,3
R_2bH4RsQu4rqd9Lj,0.3431936,0.2766845370384654,4564976416799722477,Definitely yes,5
R_2bHpYGEgIP7wEBd,0.0654709,0.10958659790882443,3331484224154216577,Probably yes,4
R_2bJc5hnmetBIunA,0.24569131,0.3154570365757713,5491104466804203330,Probably yes,4
R_2bNL5nyB9U1Neey,0.34732565,0.11434365731744554,2863891820726563392,Probably yes,4
R_2bqeudIb3KD0cLf,0.057334855,0.12385732569845685,2379104632730332592,Probably yes,4
R_2cW3DBWzgeoIw0N,0.33439684,0.3437808094815683,4654643768222868667,Probably yes,4
R_2chGNoXx7cZh3uV,0.3971769,0.3813007332560213,2677787335628833521,Maybe / Neutral,3
R_2d5eRvEzDIVSjhK,0.0654709,0.10958659790882443,3331484224154216577,Probably yes,4
R_2d5nEpx2ogvQ6bd,0.24482182,0.3792161145344061,2379104632730332592,Maybe / Neutral,3
R_2dE2Y24NTgIygKC,0.14890897,0.14784885346775567,2863891820726563392,Probably yes,4
R_2dE9oAr2hz5q7S1,0.24569131,0.3154570365757713,5491104466804203330,Probably not,2
R_2dGDHduNkiKIISd,0.3431936,0.2766845370384654,4564976416799722477,Probably yes,4
R_2dLHU3nbUDFRXRn,0.5184516,0.41023599574450215,796938348966095696,Probably yes,4
R_2dQ3QLRaRE3EmoV,0.7277787,0.1482259989862481,2379104632730332592,Probably yes,4
R_2dRZpGs1cAkxnyK,0.39511892,0.2598372143699545,5491104466804203330,Maybe / Neutral,3
R_2dSXBTcDcygXEzW,0.59799963,0.24280900307341072,4974075726111349606,Maybe / Neutral,3
R_2dTgpVKNa2rHoah,0.12869763,0.14289504715969562,1438311543159492402,Definitely not,1
R_2davcgAVDwVQkZQ,0.21553065,0.1749514834849908,2379104632730332592,Probably yes,4
R_2dhTijMDjmpAh9o,0.098266125,0.12645844142206963,1438311543159492402,Probably yes,4
R_2digOTEWVgEiGZu,0.4439017,0.48081609392041863,4999386554223609553,Definitely yes,5
R_2dnbuECKHwiRzGT,0.057334855,0.12385732569845685,2379104632730332592,Definitely yes,5
R_2dpGTPbKy6PkpEJ,0.20498961,0.23680134998045393,1438311543159492402,Maybe / Neutral,3
R_2e84fpUQVuPoJ73,0.60803545,0.3915106438387086,8882472840792478116,Probably yes,4
R_2eDZkagNI7fWAJ2,0.18343826,0.18725624039900038,4974075726111349606,Definitely yes,5
R_2eUA6eeBjwG3PBh,0.050444786,0.12020237052639948,4999386554223609553,Probably yes,4
R_2etAQVuG62b1TMJ,0.0654709,0.10958659790882443,3331484224154216577,Maybe / Neutral,3
R_2ezjiD4CHVCYCwp,0.25514847,0.16645860197440104,5956279499423670987,Definitely yes,5
R_2fBHffMSZoCw4dM,0.10921113,0.19989392793349098,3331484224154216577,Probably yes,4
R_2fKwcdUESTDeDuh,0.25510085,0.2720030275311747,2677787335628833521,Maybe / Neutral,3
R_2fVQ6SrCJpHWUGa,0.23576134,0.1383681855177948,2734917814992372242,Probably yes,4
R_2faeKG69XcKy3MB,0.44718271,0.34652743266863695,3296746765751020342,Probably yes,4
R_2fcL6BTEZoAlibQ,0.12869763,0.14289504715969562,1438311543159492402,Definitely yes,5
R_2flV1AeYSGc8rHl,0.15324952,0.3051238655269098,8882472840792478116,Probably not,2
R_2fvUoti8ZaqARGH,0.61448276,0.34138397310072954,3433419919801643428,Maybe / Neutral,3
R_2g0ffo69vslPZgd,0.4495901,0.18404592399952377,2863891820726563392,Definitely yes,5
R_2g6jpUJRKOn6dKp,0.4961957,0.21199051205479547,2379104632730332592,Probably not,2
R_2gNDBQHDjF7iYad,0.38593787,0.3148628827576962,2863891820726563392,Probably yes,4
R_2hgRP2yUVLEr7ir,0.14182222,0.2520388584044589,2456619456329951735,Maybe / Neutral,3
R_2hmt0MDRdjYlKkn,0.43297786,0.18207743328453252,3296746765751020342,Probably not,2
R_2hoKTC4hECAlip5,0.15324952,0.3051238655269098,8882472840792478116,Definitely yes,5
R_2iO3yum2QQ9RxTr,0.4519611,0.2646727787562151,530986469579384120,Definitely yes,5
R_2iUzbdHjzHMwobs,0.27725363,0.201858705827479,2379104632730332592,Definitely yes,5
R_2isNWpL4aioYpOX,0.3971769,0.3813007332560213,2677787335628833521,Maybe / Neutral,3
R_2iwXomzcidqONYJ,0.30449003,0.18253909321072462,4999386554223609553,Probably yes,4
R_2j0bzjIXhYY2ijz,0.15324952,0.3051238655269098,8882472840792478116,Probably yes,4
R_2j8oUUWGo4VpJvB,0.098266125,0.12645844142206963,1438311543159492402,Maybe / Neutral,3
R_2jd6oJHVNbMeQS0,0.15324952,0.3051238655269098,8882472840792478116,Probably yes,4
R_2jdLyoGFBHqxmGT,0.038225744,0.11258185082154042,8015383549983446921,Definitely not,1
R_2jkbudV2FxcOKqC,0.27725363,0.201858705827479,2379104632730332592,Probably yes,4
R_2kSZRtigjb9TWed,0.3861164,0.15505328839812732,3296746765751020342,Definitely yes,5
R_2kUTKzFUaP11r8d,0.31144163,0.15098539501531855,4654643768222868667,Maybe / Neutral,3
R_2kk5cc9rEC7aoQd,0.24746083,0.18185724324491592,5956279499423670987,Probably yes,4
R_2l4g92OjS0zQl4y,0.25939852,0.31274151496508906,2863891820726563392,Maybe / Neutral,3
R_2l66PSsi6ykRPRn,0.456774,0.21463670180823569,8015383549983446921,Definitely yes,5
R_2l6OLP278EI9NXF,0.38442686,0.36333651788898425,3296746765751020342,Definitely yes,5
R_2lCILS1v6Qn8K4N,0.44353735,0.15810230915422138,5875490904973317464,Probably yes,4
R_2lRo4j52WmBksBn,0.30373043,0.5710800823294498,2863891820726563392,Maybe / Neutral,3
R_2lVVWkKBmjoXszm,0.26835805,0.15469942885992383,66633674095414256,Probably yes,4
R_2llTOiX75c3Yyd2,0.02293142,0.12142970235651898,5491104466804203330,Maybe / Neutral,3
R_2ls2LE8hRb2mpEh,0.04254158,0.1864032462004827,2456619456329951735,Probably not,2
R_2m4qmFRA3ahHGcl,0.6563554,0.18038538963275486,4999386554223609553,Definitely not,1
R_2m6jBqYrJNUaVAB,0.13475096,0.3842806684113381,2456619456329951735,Definitely yes,5
R_2mES7s4mDKPRWBH,0.5232322,0.14763447536899602,66633674095414256,Maybe / Neutral,3
R_2mJeLsV98clw2BY,0.16521029,0.3120901627279739,8882472840792478116,Maybe / Neutral,3
R_2mJij5VxZy2jGGy,0.43625206,0.14527973553790363,4564976416799722477,Probably yes,4
R_2mOaDcEAEkuxSnP,0.15324952,0.3051238655269098,8882472840792478116,Maybe / Neutral,3
R_2mR6W3tlaNMLmfL,0.16521029,0.3120901627279739,8882472840792478116,Definitely yes,5
R_2mVHQNMsSEQYjXr,0.07685512,0.1592915792246781,4974075726111349606,Definitely not,1
R_2mcpG7n75RuTxAd,0.15324952,0.3051238655269098,8882472840792478116,Probably yes,4
R_2mfqRTdEf5bJIpq,0.3413143,0.2348462525187615,5491104466804203330,Definitely yes,5
R_2mh1Qzy1ZSQFdka,0.28432038,0.22770640425914748,2456619456329951735,Definitely yes,5
R_2n86p0vRWDXnsHZ,0.22905567,0.12435988767331506,5956279499423670987,Definitely yes,5
R_2n9qWmg4xsrSPQZ,0.5090678,0.32032896453366666,5491104466804203330,Probably yes,4
R_2nDbegnaTz8fLea,0.2846815,0.27239264896471904,3433419919801643428,Probably not,2
R_2nGtG4C5apyIaw9,0.14890897,0.14784885346775567,2863891820726563392,Probably yes,4
R_2nIUPpRzT1qNOMb,0.09028169,0.14768566775769632,8882472840792478116,Probably not,2
R_2nMJp5lTGKjnSmh,0.04254158,0.1864032462004827,2456619456329951735,Maybe / Neutral,3
R_2nSoSfmo11HRtVD,0.07685512,0.1592915792246781,4974075726111349606,Definitely not,1
R_2o89wbaKPH6HqkZ,0.47316903,0.2925259030003192,2379104632730332592,Maybe / Neutral,3
R_2oO1xw2I49DvXsQ,0.22584647,0.2932153735498792,4195877563533573975,Maybe / Neutral,3
R_2okV4qiw1xtwAp3,0.16621469,0.2173878974592328,3331484224154216577,Probably yes,4
R_2orLZIgLd395Gxz,0.2636306,0.3058438877672035,4974075726111349606,Probably yes,4
R_2p1uDNJqebthbwZ,0.19562227,0.2022456344399013,5956279499423670987,Definitely yes,5
R_2pJEwdm78bMv3RK,0.6966746,0.18734158915933366,66633674095414256,Probably yes,4
R_2pM42Xizfrwxoco,0.046398945,0.12525886428280852,2734917814992372242,Probably yes,4
R_2pea5awpjY1iqRj,0.10921113,0.19989392793349098,3331484224154216577,Probably yes,4
R_2pillBn0MkaHIf5,0.2853297,0.505409092644508,5491104466804203330,Definitely yes,5
R_2pj0GlSkEUbepJ7,0.25939852,0.31274151496508906,2863891820726563392,Maybe / Neutral,3
R_2pnURjJzQCWuJGp,0.30565116,0.5697089830339863,8015383549983446921,Probably yes,4
R_2q3Qmc3B8BoyznR,0.5090678,0.32032896453366666,5491104466804203330,Probably yes,4
R_2qBunfz4bKUBEbG,0.25514847,0.16645860197440104,5956279499423670987,Probably yes,4
R_2qCWK9Fra2s7vjI,0.48456627,0.2824751451325336,8882472840792478116,Probably not,2
R_2qPW7BZrKmddiWY,0.14890897,0.14784885346775567,2863891820726563392,Maybe / Neutral,3
R_2qQcdMKnnra8CfF,0.20808911,0.2943357363283917,4999386554223609553,Definitely yes,5
R_2qVaPFRF0QyTbRV,0.3971769,0.3813007332560213,2677787335628833521,Definitely yes,5
R_2r0Sy2nCegWD4Hw,0.19562227,0.2022456344399013,5956279499423670987,Definitely yes,5
R_2r0T8R7nf2ZeFc1,0.045179296,0.05426655360304225,5956279499423670987,Probably yes,4
R_2rArkVRvjcq99QG,0.38162065,0.2723642792673577,6469266472911271489,Maybe / Neutral,3
R_2rGlN71tdidrfbs,0.15993413,0.20044870031693213,530986469579384120,Probably yes,4
R_2rMhMUGg8Fs4jNG,0.11647993,0.08642878665043541,5956279499423670987,Definitely not,1
R_2rNaOPmWhzOnPd6,0.1498497,0.20950107299256515,2456619456329951735,Definitely yes,5
R_2rOcUnbnUH4CHDI,0.18844242,0.18648873530644888,4974075726111349606,Definitely yes,5
R_2rS1beIbXCHBup3,0.42569834,0.3679265882060299,4999386554223609553,Maybe / Neutral,3
R_2rYcdfSpkRBHslj,0.31147605,0.2547734107999158,2379104632730332592,Definitely yes,5
R_2rcaZdxcfm07cSr,0.24569131,0.3154570365757713,5491104466804203330,Definitely yes,5
R_2rd8CFuOSlhoCQN,0.3431936,0.2766845370384654,4564976416799722477,Maybe / Neutral,3
R_2rq1FqTxhTv2il1,0.18343826,0.18725624039900038,4974075726111349606,Probably yes,4
R_2rqMmWCBlbucEVj,0.049279124,0.08215745900273407,2677787335628833521,Definitely yes,5
R_2rqPF5CxzGk4Qkc,0.4495901,0.18404592399952377,2863891820726563392,Maybe / Neutral,3
R_2rqg7liYB98YfVr,0.34106672,0.24839947218688127,796938348966095696,Maybe / Neutral,3
R_2rv11LpqUrusohX,0.43625206,0.14527973553790363,4564976416799722477,Probably yes,4
R_2s4WUHmW9GXcvBi,0.5125079,0.24290488297288723,2456619456329951735,Definitely not,1
R_2sggLiNjUYpWeLU,0.24516371,0.1836215203617404,796938348966095696,Probably yes,4
R_2sjnfIfinNzEReJ,0.4347002,0.1988191563227354,4999386554223609553,Definitely not,1
R_2spmt8KwgBXCvh8,0.21553065,0.1749514834849908,2379104632730332592,Probably not,2
R_2t4oQyERtAVIdjr,0.20241854,0.24462747870758023,5875490904973317464,Probably yes,4
R_2t9ARnPjX5dzeei,0.049279124,0.08215745900273407,2677787335628833521,Definitely yes,5
R_2tfnurUJpXFJbzX,0.6165818,0.14513456737402242,3331484224154216577,Maybe / Neutral,3
R_2uGrJIXK6JBhTcB,0.3384449,0.4445137916697479,2863891820726563392,Probably not,2
R_2udk9cjsVQMkD3r,0.44423175,0.2710838530391637,2863891820726563392,Definitely yes,5
R_2ve6OKw3LYwMEo3,0.20433457,0.17426936728836817,66633674095414256,Maybe / Neutral,3
R_2vhOvXA4mSVHzaC,0.17929164,0.1872982390673149,4564976416799722477,Probably yes,4
R_2w4hVuFJ4k4sAr8,0.045179296,0.05426655360304225,5956279499423670987,Probably yes,4
R_2w659U707cRxCqB,0.5827277,0.3156788624683091,4564976416799722477,Maybe / Neutral,3
R_2wB2ymfpuGZUfAF,0.4859432,0.24914720694974013,2863891820726563392,Definitely yes,5
R_2wLxvcp7Vr6CMDz,0.20720986,0.2699605074019198,4999386554223609553,Maybe / Neutral,3
R_2wSTZSAt4dsbG85,0.038225744,0.11258185082154042,8015383549983446921,Probably yes,4
R_2wwy6lOsWn4jcJP,0.049279124,0.08215745900273407,2677787335628833521,Maybe / Neutral,3
R_2y2vo8yZrwubby8,0.22584647,0.2932153735498792,4195877563533573975,Probably yes,4
R_2y9sqptcENiNqUP,0.52981406,0.19253509537433072,2456619456329951735,Probably yes,4
R_2ySUoLSE7crAzKh,0.036053773,0.04891312563549458,4654643768222868667,Definitely yes,5
R_2yauJ4sDUy7tDZ5,0.21888292,0.39845088363225767,796938348966095696,Definitely yes,5
R_2z5llQDkxlEegHT,0.39941427,0.4574690004759156,1438311543159492402,Definitely yes,5
R_2zOY2YQx9oksWql,0.7277787,0.1482259989862481,2379104632730332592,Maybe / Neutral,3
R_3n74j4dZaSoRuFj,0.197304,0.14921674984317868,4999386554223609553,Definitely yes,5
R_3pJq0YbS7XgUy13,0.17787293,0.19983513983319634,5491104466804203330,Definitely yes,5
R_4JhMcRyrKB8NrjP,0.09028169,0.14768566775769632,8882472840792478116,Definitely yes,5
R_4lrXhjW7tGAg2KB,0.24482182,0.3792161145344061,2379104632730332592,Maybe / Neutral,3
R_5xPhzN1lAMxMJ14,0.12869763,0.14289504715969562,1438311543159492402,Maybe / Neutral,3
R_7FUZZG2fHdj2NcB,0.14890897,0.14784885346775567,2863891820726563392,Probably yes,4
R_800mKXwljPztmhK,0.42526764,0.5787433751270278,8015383549983446921,Definitely yes,5
R_80QMDJdK4ZbmSul,0.30449003,0.18253909321072462,4999386554223609553,Probably yes,4
R_80TN3G51eyC4Yzo,0.02293142,0.12142970235651898,5491104466804203330,Probably yes,4
R_80Vq2bfgfQKPBaQ,0.02293142,0.12142970235651898,5491104466804203330,Maybe / Neutral,3
R_80nSAshqcxCCDTg,0.053210646,0.09010579028912433,530986469579384120,Definitely yes,5
R_8145XlztfvnHBap,0.09028169,0.14768566775769632,8882472840792478116,Probably yes,4
R_8157WsvqOa4qG0V,0.5844752,0.5667045216478717,8882472840792478116,Probably yes,4
R_81A50nUBhj1p73k,0.35754794,0.18940468237330976,8882472840792478116,Probably yes,4
R_81BJ38GZUCBIIj4,0.44914418,0.43997532843979476,796938348966095696,Probably yes,4
R_81KmI51yDgUaflL,0.44061792,0.2335585161023972,4195877563533573975,Maybe / Neutral,3
R_81LVLXL0YFYvaAa,0.14890897,0.14784885346775567,2863891820726563392,Probably yes,4
R_81dr4WQZI7QSnYb,0.25514847,0.16645860197440104,5956279499423670987,Definitely yes,5
R_81hg44qXfShwIWt,0.045179296,0.05426655360304225,5956279499423670987,Probably yes,4
R_81hsf23tC4d1O6d,0.49118415,0.25699223756594364,3331484224154216577,Probably yes,4
R_81jy3c6w3b9xLLF,0.31318563,0.327045023443162,4195877563533573975,Probably not,2
R_81mFC9wiRVk6bsk,0.28441352,0.28951342667802993,2456619456329951735,Probably yes,4
R_81mmux3ostgN1Ml,0.23853365,0.17222283487878998,4144687553363237533,Definitely yes,5
R_81nq8nOwsbgJmiP,0.48456627,0.2824751451325336,8882472840792478116,Probably yes,4
R_81qnZO6dR5rAirf,0.20720986,0.2699605074019198,4999386554223609553,Probably yes,4
R_81u1W2Gy5HfO8nk,0.33439684,0.3437808094815683,4654643768222868667,Maybe / Neutral,3
R_81ywEGymfzY7ptv,0.25686148,0.16030757327281955,4144687553363237533,Probably yes,4
R_82FIG3BX3by4F6L,0.3413143,0.2348462525187615,5491104466804203330,Maybe / Neutral,3
R_82FLM9rdaioJMsN,0.4433093,0.22817025255671247,2456619456329951735,Definitely yes,5
R_82JL1TKauASbSzT,0.057334855,0.12385732569845685,2379104632730332592,Definitely yes,5
R_82L5asukpObP4H9,0.0654709,0.10958659790882443,3331484224154216577,Probably not,2
R_82PxbaXcFh8QURu,0.31415522,0.26897556817665363,4974075726111349606,Definitely yes,5
R_82RNJPPI9RVmGzq,0.33598536,0.3327134170035293,530986469579384120,Probably not,2
R_82SCP4T0D4EaV9W,0.16621469,0.2173878974592328,3331484224154216577,Probably yes,4
R_82WwLy0K4D00oSE,0.3538714,0.23858061787783913,5875490904973317464,Maybe / Neutral,3
R_82XK5P7kEBGHYoF,0.36972666,0.19240293365988947,5875490904973317464,Definitely yes,5
R_82YrvgvC9v9q8sU,0.19771753,0.11982303305293905,66633674095414256,Probably yes,4
R_82aLzC6OS9qLM2x,0.28913283,0.1107516449451063,2379104632730332592,Definitely yes,5
R_82m4O2bPwfEXlUJ,0.2528668,0.2726109788170874,2379104632730332592,Probably yes,4
R_82sfEhlvrAbyvQu,0.24184099,0.17518861562551002,3433419919801643428,Maybe / Neutral,3
R_832i9Y9KpeeYg1W,0.098266125,0.12645844142206963,1438311543159492402,Definitely yes,5
R_833kTGTwa6vGmwp,0.2853297,0.505409092644508,5491104466804203330,Definitely yes,5
R_83BSLeGj5AqSP2X,0.41897285,0.29677332534531764,2677787335628833521,Probably yes,4
R_83UCQcbQFhNxEoQ,0.592837,0.2639123609602543,2379104632730332592,Maybe / Neutral,3
R_83l3Tm2F793fQIG,0.049279124,0.08215745900273407,2677787335628833521,Definitely yes,5
R_83xnWk4LL94JyEw,0.15324952,0.3051238655269098,8882472840792478116,Probably yes,4
R_84DS83TCUnqwySR,0.02293142,0.12142970235651898,5491104466804203330,Maybe / Neutral,3
R_84Ohnco4u00AXe3,0.16521029,0.3120901627279739,8882472840792478116,Definitely yes,5
R_85H3cSv68Jyilvn,0.24482182,0.3792161145344061,2379104632730332592,Definitely yes,5
R_85HkgpEvUdvLKfH,0.5778406,0.35190718976785385,2863891820726563392,Probably yes,4
R_85tfVns9PKGoZGH,0.14890897,0.14784885346775567,2863891820726563392,Probably yes,4
R_866CykWMuSmaMsV,0.036053773,0.04891312563549458,4654643768222868667,Probably yes,4
R_868D1nkrE24Kjks,0.35652795,0.3329574145393164,530986469579384120,Probably not,2
R_86gvOrYvxLvOYc7,0.25514847,0.16645860197440104,5956279499423670987,Maybe / Neutral,3
R_87017QkJhTEtETD,0.049279124,0.08215745900273407,2677787335628833521,Definitely yes,5
R_876Sbo6c6OMHGXA,0.25514847,0.16645860197440104,5956279499423670987,Probably yes,4
R_87qW0FwfEUzY7aV,0.3037891,0.1910783685174537,2677787335628833521,Definitely yes,5
R_87wHLZVSDkDZOdm,0.36168993,0.4236021833017405,530986469579384120,Definitely not,1
R_88CcnUaixBPZj97,0.07534151,0.1913502106213695,3433419919801643428,Probably yes,4
R_88QKXyZSQYE0Rfr,0.58140665,0.3955724895612967,796938348966095696,Maybe / Neutral,3
R_88XKXjsH9X0w7AR,0.12869763,0.14289504715969562,1438311543159492402,Probably yes,4
R_8908LBEBJohogtI,0.2742046,0.3607300246490436,6469266472911271489,Probably yes,4
R_89HrMOhP2mdF7jj,0.2636306,0.3058438877672035,4974075726111349606,Probably yes,4
R_89Pzlj4dQUTIRWx,0.4040858,0.2972426427059755,8882472840792478116,Definitely yes,5
R_89WvCFbnAZ3t5m1,0.19562227,0.2022456344399013,5956279499423670987,Definitely yes,5
R_8A09cQfEfEnBx5i,0.25514847,0.16645860197440104,5956279499423670987,Probably yes,4
R_8AUFMYb7KMI8gEx,0.057334855,0.12385732569845685,2379104632730332592,Probably yes,4
R_8BHINbtTq5YkxDr,0.22905567,0.12435988767331506,5956279499423670987,Probably yes,4
R_8Bff5josoGAhFWV,0.08847332,0.19070790371559831,4195877563533573975,Maybe / Neutral,3
R_8BkBY5rJxHskRsQ,0.051583964,0.5250353314761862,6469266472911271489,Probably yes,4
R_8C28ozoitX4bsra,0.24482182,0.3792161145344061,2379104632730332592,Probably yes,4
R_8CHmhhE8HEWFhAY,0.244316,0.13415315191170044,8882472840792478116,Maybe / Neutral,3
R_8CJ6EvAfw57K54i,0.533723,0.37063681832096945,3296746765751020342,Definitely yes,5
R_8CZ5jQKaORFlYl6,0.3037891,0.1910783685174537,2677787335628833521,Probably not,2
R_8ChXgXx1Jjkm4LL,0.42405993,0.39195343651460424,796938348966095696,Definitely yes,5
R_8CjDjIMgcUibTTo,0.053210646,0.09010579028912433,530986469579384120,Probably yes,4
R_8CpHWUWtfp2g6vT,0.12869763,0.14289504715969562,1438311543159492402,Maybe / Neutral,3
R_8CrhGlFQfUBjKe7,0.533723,0.37063681832096945,3296746765751020342,Probably not,2
R_8CxOXg5vnZndPSQ,0.35233217,0.3078903338455114,4564976416799722477,Maybe / Neutral,3
R_8DOmQjrdKv2y9kR,0.20241854,0.24462747870758023,5875490904973317464,Probably yes,4
R_8DUDSg86x9bFkSX,0.21553065,0.1749514834849908,2379104632730332592,Probably yes,4
R_8DovNwUYtRR4dVb,0.14182222,0.2520388584044589,2456619456329951735,Probably yes,4
R_8DqcFUJCtdNFOql,0.41994733,0.4308466878028634,2863891820726563392,Maybe / Neutral,3
R_8E6uWrKjfoPNKr5,0.25514847,0.16645860197440104,5956279499423670987,Definitely yes,5
R_8E8Ga75qtAcepJT,0.25686148,0.16030757327281955,4144687553363237533,Probably yes,4
R_8E9ImSg6ih4JYVg,0.0654709,0.10958659790882443,3331484224154216577,Definitely not,1
R_8EKHIGJxT3vUYUr,0.26544806,0.1284864372490564,8015383549983446921,Probably yes,4
R_8ERnyJhNg8A9WaW,0.3693828,0.24042158351873824,4144687553363237533,Probably yes,4
R_8EULiT4ORKpbgHL,0.44718271,0.34652743266863695,3296746765751020342,Probably yes,4
R_8EbSD7tuHl3ZrrP,0.15324952,0.3051238655269098,8882472840792478116,Definitely yes,5
R_8EvpjfpLSDpdGKA,0.24867918,0.24115958465671425,3433419919801643428,Maybe / Neutral,3
R_8EyHjtTPDGpt6fL,0.42526764,0.5787433751270278,8015383549983446921,Definitely yes,5
R_8EzRSyc8SxUa2fL,0.07534151,0.1913502106213695,3433419919801643428,Maybe / Neutral,3
R_8F2caa5vs5yd5ER,0.16601929,0.12055720468229104,4564976416799722477,Probably not,2
R_8FQo6zuFIETWRMU,0.033382773,0.19357284675722658,4195877563533573975,Maybe / Neutral,3
R_8FWAYm4VaHC3JqK,0.48497337,0.4136098405943529,3433419919801643428,Maybe / Neutral,3
R_8FX4HPsUeC3dSKd,0.49508274,0.4270959888082186,5875490904973317464,Probably not,2
R_8FbxQ1jA90PYxci,0.04917896,0.16173862151698137,796938348966095696,Maybe / Neutral,3
R_8FglvZm309Hf2Jb,0.47316903,0.2925259030003192,2379104632730332592,Maybe / Neutral,3
R_8FqQb1Mok5bMHbf,0.55222535,0.20495296659794077,6469266472911271489,Definitely not,1
R_8G9VSYW65wBh5oG,0.36168993,0.4236021833017405,530986469579384120,Definitely yes,5
R_8GBBqYhAXv1Vkdu,0.25514847,0.16645860197440104,5956279499423670987,Definitely yes,5
R_8GK1YF0V9jQK3Ci,0.12869763,0.14289504715969562,1438311543159492402,Maybe / Neutral,3
R_8GKsmk2iJgbm9cK,0.34687674,0.1534972056817344,4999386554223609553,Maybe / Neutral,3
R_8GjGKKo9xFWqol7,0.4433093,0.22817025255671247,2456619456329951735,Definitely not,1
R_8Gnr2iNPUtuo4Hn,0.41541937,0.25663424075640107,3331484224154216577,Maybe / Neutral,3
R_8GpGUmMdi8l34rz,0.4669515,0.3152036354144902,3433419919801643428,Probably yes,4
R_8GxhtJmKX34PrGZ,0.0300356,0.1116728316426504,4144687553363237533,Definitely yes,5
R_8HRNiif6ThGgGxA,0.1939598,0.2646213110177411,2456619456329951735,Definitely yes,5
R_8HSqF3FtqMjNikS,0.30449003,0.18253909321072462,4999386554223609553,Definitely yes,5
R_8HUJMVZvJxU9RAJ,0.24184099,0.17518861562551002,3433419919801643428,Probably yes,4
R_8HWCtMNMDnnIlGx,0.36707842,0.43731544809655254,6061650689019282515,Definitely yes,5
R_8HbnUasn8NhIlpv,0.16432145,0.5044803563901338,6469266472911271489,Maybe / Neutral,3
R_8HnUztWDGdB2Bsa,0.31318563,0.327045023443162,4195877563533573975,Probably yes,4
R_8HpFaZDGYb4ToyN,0.30449003,0.18253909321072462,4999386554223609553,Probably yes,4
R_8HsmA2uCtixhcR3,0.057334855,0.12385732569845685,2379104632730332592,Probably not,2
R_8I3qPw9u4CTjNmN,0.38664627,0.18774175149643518,2456619456329951735,Probably not,2
R_8IF2kSMFSWhgEe5,0.22853622,0.22552192840017204,4654643768222868667,Probably not,2
R_8IF5wX8Wab8FmnD,0.0654709,0.10958659790882443,3331484224154216577,Maybe / Neutral,3
R_8IGiKkKTSwVDRc2,0.46678805,0.28786586165664174,3433419919801643428,Definitely not,1
R_8IKNRvN3iir6Xer,0.56935036,0.2324644351546336,4195877563533573975,Probably yes,4
R_8IQ9CRUrNW0aoVP,0.51750207,0.5909332673883644,3433419919801643428,Maybe / Neutral,3
R_8ITtatX4ps0R8Od,0.49508274,0.4270959888082186,5875490904973317464,Maybe / Neutral,3
R_8Iibt3H1HSnJbnQ,0.20241854,0.24462747870758023,5875490904973317464,Probably yes,4
R_8JIRYDoLO8CfsQ5,0.098266125,0.12645844142206963,1438311543159492402,Definitely not,1
R_8JL70cerjki9tv4,0.62464917,0.2740965082004395,5875490904973317464,Maybe / Neutral,3
R_8JeXC3fR9iFU0PX,0.049279124,0.08215745900273407,2677787335628833521,Definitely yes,5
R_8JnBsMnI1G8JrFv,0.30565116,0.5697089830339863,8015383549983446921,Probably yes,4
R_8KO9cjHnAK5WwpU,0.25514847,0.16645860197440104,5956279499423670987,Maybe / Neutral,3
R_8KkMPmxH6dX3auJ,0.04254158,0.1864032462004827,2456619456329951735,Maybe / Neutral,3
R_8KnAOnshEzCdusV,0.42526764,0.5787433751270278,8015383549983446921,Probably yes,4
R_8KoLFIg39MN6vfe,0.34290817,0.1897476342633807,2379104632730332592,Maybe / Neutral,3
R_8Kq0VVpq3F2IyDM,0.3431936,0.2766845370384654,4564976416799722477,Maybe / Neutral,3
R_8KqJik7cKhduIDo,0.5090678,0.32032896453366666,5491104466804203330,Definitely yes,5
R_8Kx8jnUFmjI6MIQ,0.25514847,0.16645860197440104,5956279499423670987,Probably yes,4
R_8L0cpheeBVBMSZ3,0.13475096,0.3842806684113381,2456619456329951735,Probably yes,4
R_8L1ptPmR4fJ7I2J,0.37935418,0.21020669798176814,1438311543159492402,Probably yes,4
R_8L60eLHHaOgPTtB,0.42612627,0.40236292731183765,8015383549983446921,Maybe / Neutral,3
R_8L6Gxx32IFYBsZL,0.42526764,0.5787433751270278,8015383549983446921,Definitely yes,5
R_8L7sCaSpP1Lc9Pq,0.30767652,0.1294628066690563,6061650689019282515,Probably yes,4
R_8LA1IdzjEy19Lva,0.4669515,0.3152036354144902,3433419919801643428,Probably yes,4
R_8LXMtrBVRVkwZQB,0.15324952,0.3051238655269098,8882472840792478116,Maybe / Neutral,3
R_8LbG5T514YyrS1P,0.28643543,0.13058632841156784,3331484224154216577,Probably not,2
R_8LhyCUY37I1kQ7q,0.58140665,0.3955724895612967,796938348966095696,Maybe / Neutral,3
R_8M0h1PCo4N5MGHY,0.07392315,0.10339027708688042,5875490904973317464,Probably not,2
R_8M3xhmpmgnFMefc,0.04254158,0.1864032462004827,2456619456329951735,Probably yes,4
R_8MAL3eXYdBS0WeB,0.22584647,0.2932153735498792,4195877563533573975,Probably yes,4
R_8MAwkBsU55JSkHN,0.19562227,0.2022456344399013,5956279499423670987,Definitely yes,5
R_8MKAiaYImbMUDiV,0.14182222,0.2520388584044589,2456619456329951735,Probably not,2
R_8MMUuyPS3F0br4N,0.049279124,0.08215745900273407,2677787335628833521,Probably yes,4
R_8MMvjQMxhRsKXis,0.23853365,0.17222283487878998,4144687553363237533,Definitely yes,5
R_8MOCEp7xCta1sK5,0.2178014,0.2368739157754417,1438311543159492402,Probably yes,4
R_8MWdi6o3Bpjm1RB,0.30449003,0.18253909321072462,4999386554223609553,Definitely yes,5
R_8Ms5KKo7DjwX1Lk,0.49508274,0.4270959888082186,5875490904973317464,Probably yes,4
R_8MzqVi2q013qoJb,0.4439017,0.48081609392041863,4999386554223609553,Definitely yes,5
R_8NEvHUbUBYODQjt,0.20808911,0.2943357363283917,4999386554223609553,Maybe / Neutral,3
R_8NFkNHpmItKPOkF,0.049279124,0.08215745900273407,2677787335628833521,Definitely yes,5
R_8NInJhpb9ropYyc,0.18343826,0.18725624039900038,4974075726111349606,Probably yes,4
R_8NLiDy56HVs64TG,0.15324952,0.3051238655269098,8882472840792478116,Probably not,2
R_8NUATuhdkdOt2yR,0.244316,0.13415315191170044,8882472840792478116,Definitely yes,5
R_8NWZPek3Is6ASD7,0.57461596,0.22562478193572955,5491104466804203330,Maybe / Neutral,3
R_8NlVL41kiLCqgFA,0.09028169,0.14768566775769632,8882472840792478116,Definitely yes,5
R_8Nrcnz1KjQozIlz,0.3384449,0.4445137916697479,2863891820726563392,Maybe / Neutral,3
R_8NtPKBacnxBvWjn,0.26544806,0.1284864372490564,8015383549983446921,Definitely yes,5
R_8NxmOqKFOHQG1PV,0.20353256,0.376574173653441,2734917814992372242,Probably yes,4
R_8O1VGg2HLvwtdol,0.055201177,0.09481791371830069,4564976416799722477,Probably not,2
R_8O2iKJNHSSYiUig,0.055201177,0.09481791371830069,4564976416799722477,Probably yes,4
R_8O7DWUiRh0eFCDV,0.14641905,0.21401426674835272,530986469579384120,Maybe / Neutral,3
R_8OBQ7aLQHKhIpix,0.23558035,0.20161170848648016,4654643768222868667,Definitely not,1
R_8OHrG4Y4yTrA668,0.25514847,0.16645860197440104,5956279499423670987,Definitely yes,5
R_8OPhXCkY0xHgdOy,0.19771753,0.11982303305293905,66633674095414256,Definitely yes,5
R_8OZLrXaNarbJtzn,0.038225744,0.11258185082154042,8015383549983446921,Probably yes,4
R_8Oi91VvWUOC4ZbK,0.28643543,0.13058632841156784,3331484224154216577,Probably yes,4
R_8OqvtAovbhlg5T3,0.057334855,0.12385732569845685,2379104632730332592,Definitely yes,5
R_8OvgiUZQXOKkIsV,0.31147605,0.2547734107999158,2379104632730332592,Probably yes,4
R_8PS6fgrMk86MOfv,0.38779378,0.2291069439233775,4974075726111349606,Definitely yes,5
R_8PSR68jjA5bWbQD,0.18343826,0.18725624039900038,4974075726111349606,Definitely not,1
R_8PauGENkByhZCU9,0.04917896,0.16173862151698137,796938348966095696,Maybe / Neutral,3
R_8PgECdZRt3dSNiI,0.14641905,0.21401426674835272,530986469579384120,Probably yes,4
R_8PlsQtdwe3JWPHX,0.4669515,0.3152036354144902,3433419919801643428,Probably yes,4
R_8Poh9LCXeFaIG0l,0.24746083,0.18185724324491592,5956279499423670987,Probably yes,4
R_8QKl7jXGuMEkGv7,0.51750207,0.5909332673883644,3433419919801643428,Probably not,2
R_8QMWbxahGiLH5ad,0.38779378,0.2291069439233775,4974075726111349606,Probably yes,4
R_8QQ8EfZslJwHqRc,0.23045224,0.3030165573009558,2379104632730332592,Probably yes,4
R_8Qyvc36R4KPyTBP,0.51750207,0.5909332673883644,3433419919801643428,Definitely yes,5
R_8R3NBClZpvHfuhL,0.28441352,0.28951342667802993,2456619456329951735,Definitely yes,5
R_8RARQSI2Na4Tu6t,0.3384449,0.4445137916697479,2863891820726563392,Probably not,2
R_8RVT4AcmjKInw8p,0.3644964,0.3021600965463667,2734917814992372242,Probably not,2
R_8RZ0f7rDRDKXxpn,0.4439017,0.48081609392041863,4999386554223609553,Definitely not,1
R_8RxqKo9z3tt7Tnm,0.0300356,0.1116728316426504,4144687553363237533,Definitely yes,5
R_8S3OQx5LbJOJEeR,0.09673455,0.16217206263776154,5956279499423670987,Probably yes,4
R_8SP9RSj2Sfq3TeF,0.4961957,0.21199051205479547,2379104632730332592,Definitely not,1
R_8TLcUeAXK6hX9rX,0.046398945,0.12525886428280852,2734917814992372242,Probably yes,4
R_8Ti8DvxEBt29ITn,0.2853297,0.505409092644508,5491104466804203330,Definitely yes,5
R_8TsLLFhz9vx5wOJ,0.36972666,0.19240293365988947,5875490904973317464,Maybe / Neutral,3
R_8URteaWi9uHT00p,0.66185594,0.5097776821685797,8882472840792478116,Maybe / Neutral,3
R_8UT18TpOYobwRxf,0.24569131,0.3154570365757713,5491104466804203330,Probably not,2
R_8UWuhtrPxvyXx4f,0.09028169,0.14768566775769632,8882472840792478116,Definitely yes,5
R_8UXDFHQAANUY80b,0.20762667,0.13624356701008294,4144687553363237533,Probably yes,4
R_8UisUg9G9zMBRNg,0.38593787,0.3148628827576962,2863891820726563392,Probably yes,4
R_8UzpPGhTZWFGxlT,0.42569834,0.3679265882060299,4999386554223609553,Probably not,2
R_8V9C6SOk5m74aj0,0.44718271,0.34652743266863695,3296746765751020342,Probably yes,4
R_8VjqWNePJtcQhg5,0.4669515,0.3152036354144902,3433419919801643428,Probably yes,4
R_8VuD9IbGPHYSx2x,0.057334855,0.12385732569845685,2379104632730332592,Probably yes,4
R_8WBQ6170RpoWRRn,0.44353735,0.15810230915422138,5875490904973317464,Definitely not,1
R_8WNk8G4vTTRCGe6,0.51750207,0.5909332673883644,3433419919801643428,Probably yes,4
R_8WXDTxFuICSNXPP,0.42743105,0.19080257406768086,4144687553363237533,Maybe / Neutral,3
R_8X6yRlDKCwwb89R,0.0654709,0.10958659790882443,3331484224154216577,Probably not,2
R_8XmMrtSIrFLoT7j,0.16621469,0.2173878974592328,3331484224154216577,Maybe / Neutral,3
R_8XnEws8bbRdKvgR,0.31147605,0.2547734107999158,2379104632730332592,Probably yes,4
R_8Xng5SL1EY9E4Ty,0.44423175,0.2710838530391637,2863891820726563392,Definitely yes,5
R_8XoMtXRWODIoNRe,0.31318563,0.327045023443162,4195877563533573975,Probably not,2
R_8YMvcLICJfEKcBS,0.25939852,0.31274151496508906,2863891820726563392,Maybe / Neutral,3
R_8YaGuXuuwgsHPuX,0.25687814,0.24838358935888247,2456619456329951735,Definitely yes,5
R_8YhssMIc9kE4wsX,0.34918314,0.24351574343087018,5875490904973317464,Maybe / Neutral,3
R_8YieGyVzgbHzy5R,0.4519611,0.2646727787562151,530986469579384120,Probably not,2
R_8ZI8mfgy36Kq6MS,0.15993413,0.20044870031693213,530986469579384120,Maybe / Neutral,3
R_8ZTUP5oJyOiViPz,0.4961957,0.21199051205479547,2379104632730332592,Probably not,2
R_8ZdvIQT0EoSFAEV,0.16580375,0.16596958015987068,2379104632730332592,Probably yes,4
R_8aV7T9peSUBJ00P,0.31147605,0.2547734107999158,2379104632730332592,Probably yes,4
R_8aVpksj9Gndm88G,0.14182222,0.2520388584044589,2456619456329951735,Probably yes,4
R_8aYaA0lcBrvh0V9,0.5844752,0.5667045216478717,8882472840792478116,Maybe / Neutral,3
R_8afC59xP3nAj2RE,0.6396127,0.13231363308523492,2456619456329951735,Maybe / Neutral,3
R_8afso5QmM47vC8z,0.43297786,0.18207743328453252,3296746765751020342,Maybe / Neutral,3
R_8ahnKNPNBBWYn4s,0.4495901,0.18404592399952377,2863891820726563392,Definitely yes,5
R_8an826JAIwpgj8K,0.049279124,0.08215745900273407,2677787335628833521,Probably yes,4
R_8arCcnpkJYYcVtl,0.23853365,0.17222283487878998,4144687553363237533,Probably yes,4
R_8areuWwaRceqkMc,0.2507099,0.21363179456274742,1438311543159492402,Definitely yes,5
R_8b6ZAFFnjTiOk9z,0.049279124,0.08215745900273407,2677787335628833521,Probably yes,4
R_8c0CKNUyIDbTncC,0.38887927,0.16442348486836483,5491104466804203330,Probably yes,4
R_8c6d4HcP97NzEgV,0.053210646,0.09010579028912433,530986469579384120,Maybe / Neutral,3
R_8cwRHU4D9ub70fd,0.44231448,0.2555278228626513,4195877563533573975,Definitely yes,5
R_8dF6ygiWzkRugLv,0.27725363,0.201858705827479,2379104632730332592,Probably yes,4
R_8dG62r7VYFWvZdK,0.48497337,0.4136098405943529,3433419919801643428,Definitely yes,5
R_8dSg52efZmx2sc1,0.43552163,0.21908110493327518,5956279499423670987,Probably not,2
R_8dWCICpdka6DWrb,0.28792837,0.3222909483581393,2456619456329951735,Maybe / Neutral,3
R_8dWHZCd1gaii459,0.25514847,0.16645860197440104,5956279499423670987,Probably yes,4
R_8dmCf9JRKVYS7M7,0.19071768,0.2100312113925562,3433419919801643428,Definitely yes,5
R_8dncxFCf7ZKAhXE,0.15324952,0.3051238655269098,8882472840792478116,Probably yes,4
R_8dryEJwRuT1oYlr,0.057334855,0.12385732569845685,2379104632730332592,Definitely yes,5
R_8dsXLt4HcAIvmD0,0.7446432,0.191856590454617,4144687553363237533,Maybe / Neutral,3
R_8e1Z4eIik4k8LdL,0.14641905,0.21401426674835272,530986469579384120,Definitely not,1
R_8eH4PSVO1ETHwIh,0.20720986,0.2699605074019198,4999386554223609553,Probably yes,4
R_8eOCIuI7PABcsH7,0.1498497,0.20950107299256515,2456619456329951735,Maybe / Neutral,3
R_8eRmfz8YZZPCcc4,0.19562227,0.2022456344399013,5956279499423670987,Definitely yes,5
R_8eTYPvRblTPCl9L,0.14182222,0.2520388584044589,2456619456329951735,Definitely yes,5
R_8efC1xjYy5kL8Ep,0.28792837,0.3222909483581393,2456619456329951735,Probably yes,4
R_8eqPQA6bGPBb6Ux,0.24569131,0.3154570365757713,5491104466804203330,Probably not,2
R_8esGSKKTsmW6tVv,0.17787293,0.19983513983319634,5491104466804203330,Probably not,2
R_8etStQ7wtXM9QRY,0.48755577,0.3520800714422843,4654643768222868667,Maybe / Neutral,3
R_8ezy67wBHyh51Qe,0.19562227,0.2022456344399013,5956279499423670987,Definitely yes,5
R_8f1fS39f7wJeGSR,0.15367074,0.28075102152032133,5491104466804203330,Maybe / Neutral,3
R_8f7qihrYfgeBIen,0.33669665,0.14573422721951543,3296746765751020342,Definitely yes,5
R_8fCGBxA31nkHAxb,0.057334855,0.12385732569845685,2379104632730332592,Maybe / Neutral,3
R_8fHCtSAhTh60Uzj,0.2285676,0.43768822384033734,2677787335628833521,Definitely yes,5
R_8fJ3UndWsLpYceT,0.349499,0.23485849110154183,4654643768222868667,Probably yes,4
R_8ffO4g0IpWMsDNh,0.15324952,0.3051238655269098,8882472840792478116,Definitely yes,5
R_8fk41bA8QFFRLp0,0.1498497,0.20950107299256515,2456619456329951735,Definitely yes,5
R_8fvQTDH0lI2U7Cx,0.07392315,0.10339027708688042,5875490904973317464,Probably yes,4
R_8g5DsdMEAfqtmVN,0.4669515,0.3152036354144902,3433419919801643428,Probably yes,4
R_8gNqioQwl1HQdgc,0.057334855,0.12385732569845685,2379104632730332592,Probably yes,4
R_8gRo9kHqZprXldv,0.02293142,0.12142970235651898,5491104466804203330,Definitely yes,5
R_8gptSIgEuABtpEe,0.21703124,0.15536873325009934,4974075726111349606,Probably yes,4
R_8gtqpjSexYyn4jr,0.049279124,0.08215745900273407,2677787335628833521,Probably yes,4
R_8hFIsNZ2JmzBxe1,0.14890897,0.14784885346775567,2863891820726563392,Probably yes,4
R_8hIQHGKPFrcLI53,0.24184099,0.17518861562551002,3433419919801643428,Maybe / Neutral,3
R_8hMYsFKCVhowgQ2,0.48497337,0.4136098405943529,3433419919801643428,Probably yes,4
R_8hXAdhpk1scNYQh,0.69612813,0.1224304773973637,5875490904973317464,Probably not,2
R_8hYjdLMBzYfC0vS,0.053210646,0.09010579028912433,530986469579384120,Maybe / Neutral,3
R_8hhBt9wHqiJLECy,0.1529407,0.2798356873825031,796938348966095696,Probably yes,4
R_8hlRqdyobv5SoE1,0.17800774,0.15545908246910292,530986469579384120,Maybe / Neutral,3
R_8hnFp8L00b7rotl,0.19071768,0.2100312113925562,3433419919801643428,Definitely yes,5
R_8hoMsMEMNIfKJ55,0.4333564,0.1051657769420476,5956279499423670987,Probably yes,4
R_8huvVMlVdAxrzLk,0.244316,0.13415315191170044,8882472840792478116,Probably yes,4
R_8i1aXHBGa5p7DUJ,0.31318563,0.327045023443162,4195877563533573975,Definitely not,1
R_8iAAQZHexUVNXdT,0.18863551,0.20560183752818745,4195877563533573975,Probably yes,4
R_8iCoDS5eSEeCB4N,0.053210646,0.09010579028912433,530986469579384120,Probably yes,4
R_8ieCoHPrEj62lQR,0.14580636,0.10238811021461489,4144687553363237533,Probably yes,4
R_8ikDDcHIfWCAXAJ,0.038225744,0.11258185082154042,8015383549983446921,Probably yes,4
R_8ikd1GWrq5tOcrE,0.12869763,0.14289504715969562,1438311543159492402,Probably yes,4
R_8itJd5nFSeMUO00,0.25514847,0.16645860197440104,5956279499423670987,Probably yes,4
R_8j9XC8ZB0Zhf12L,0.66185594,0.5097776821685797,8882472840792478116,Probably not,2
R_8jCwZaOj6GNJnhZ,0.6396127,0.13231363308523492,2456619456329951735,Maybe / Neutral,3
R_8jUrpZbs4wkVJtu,0.42526764,0.5787433751270278,8015383549983446921,Maybe / Neutral,3
R_8jVcy4VFREw8JQO,0.5232322,0.14763447536899602,66633674095414256,Maybe / Neutral,3
R_8jWcsg53SpvLHD4,0.0654709,0.10958659790882443,3331484224154216577,Definitely yes,5
R_8jYXgsqPXkyqz6f,0.09673455,0.16217206263776154,5956279499423670987,Definitely yes,5
R_8jZnZPKViq5AtEY,0.4935084,0.2955291527969397,66633674095414256,Probably yes,4
R_8jxscJRPxaitw3s,0.43662748,0.260787526613868,3331484224154216577,Definitely not,1
R_8k1cf9I81VhCztx,0.48331845,0.2250472043118717,2863891820726563392,Probably yes,4
R_8kHN2uNnC32oHj2,0.25939852,0.31274151496508906,2863891820726563392,Probably yes,4
R_8kMq8zwByt4FO3Y,0.44718271,0.34652743266863695,3296746765751020342,Probably not,2
R_8kTDsZaeC4je4mk,0.23853365,0.17222283487878998,4144687553363237533,Definitely yes,5
R_8kd3jV0QHricx2E,0.057334855,0.12385732569845685,2379104632730332592,Probably yes,4
R_8kdV5Yky0o5wiwV,0.053210646,0.09010579028912433,530986469579384120,Maybe / Neutral,3
R_8l3MMieaaCslrln,0.3472678,0.2688185677831486,5956279499423670987,Probably not,2
R_8lA9JssiMyLOroR,0.15324952,0.3051238655269098,8882472840792478116,Definitely yes,5
R_8lKogPatldemRqx,0.42612627,0.40236292731183765,8015383549983446921,Probably yes,4
R_8liaAlLZX8kgr0L,0.14406669,0.20900315279784668,5875490904973317464,Maybe / Neutral,3
R_8lsOliODr5nsqf6,0.30449003,0.18253909321072462,4999386554223609553,Probably yes,4
R_8luIgGkzNRrBoEs,0.35652795,0.3329574145393164,530986469579384120,Probably yes,4
R_8mWBb9f3kxP6Tp6,0.4669515,0.3152036354144902,3433419919801643428,Probably yes,4
R_8mfnAFT0EhFaAPc,0.053210646,0.09010579028912433,530986469579384120,Maybe / Neutral,3
R_8mmlGwZuG6rtRQi,0.1939598,0.2646213110177411,2456619456329951735,Maybe / Neutral,3
R_8mtrRTHLxonGMXZ,0.4669515,0.3152036354144902,3433419919801643428,Probably yes,4
R_8mwnxVNHfH2yFES,0.48331845,0.2250472043118717,2863891820726563392,Definitely yes,5
R_8n03xQ1ghUvT2nd,0.17483023,0.10682232368506593,3296746765751020342,Probably yes,4
R_8n0zumIDGyrI3Tz,0.12869763,0.14289504715969562,1438311543159492402,Definitely yes,5
R_8n3ColT3ZfSGEhC,0.57204247,0.11273385828537064,4144687553363237533,Definitely yes,5
R_8nC8FAzwLkEJ0ap,0.09028169,0.14768566775769632,8882472840792478116,Probably yes,4
R_8nUQByqXiU3xKJe,0.09028169,0.14768566775769632,8882472840792478116,Definitely yes,5
R_8nrfMsSlU02OrBV,0.3472678,0.2688185677831486,5956279499423670987,Probably yes,4
R_8nxwKgvdDX0Kkbg,0.3431936,0.2766845370384654,4564976416799722477,Probably yes,4
R_8oGZWen8lGJdmUW,0.02293142,0.12142970235651898,5491104466804203330,Probably yes,4
R_8oJIKGdg5YPupd7,0.24569131,0.3154570365757713,5491104466804203330,Probably yes,4
R_8oj8P2COaniTtAs,0.038225744,0.11258185082154042,8015383549983446921,Probably not,2
R_8p3RYDHqCCYjeXD,0.18555263,0.343932832020784,2734917814992372242,Probably yes,4
R_8p3xzWzNflfLQXe,0.37140375,0.20435559477988158,796938348966095696,Probably yes,4
R_8p8RX5VXNxzyiat,0.23576134,0.1383681855177948,2734917814992372242,Maybe / Neutral,3
R_8pQUxdyFkun4XD3,0.3971769,0.3813007332560213,2677787335628833521,Definitely yes,5
R_8pYnYUyBJ0GnL5h,0.66185594,0.5097776821685797,8882472840792478116,Probably not,2
R_8pm3LA3yvzMDrwZ,0.27792332,0.12730762135554707,4974075726111349606,Probably yes,4
R_8pxsc6nADTys4Id,0.16986786,0.1478455075612795,2677787335628833521,Maybe / Neutral,3
R_8q3sSAmPwOEx8tU,0.041685738,0.07594972942886537,6061650689019282515,Maybe / Neutral,3
R_8q4qvPqgjhxFpM5,0.47316903,0.2925259030003192,2379104632730332592,Definitely not,1
R_8q5gZUdzd5BSaI1,0.35652795,0.3329574145393164,530986469579384120,Probably not,2
R_8q7MPiH12wXrf6H,0.32965845,0.4656329456613382,3433419919801643428,Definitely not,1
R_8q8S6PMLHhvEqEu,0.15324952,0.3051238655269098,8882472840792478116,Maybe / Neutral,3
R_8q8w3TrMdqZlLIU,0.4078727,0.18914575567842967,1438311543159492402,Probably yes,4
R_8q9cR1XhReMaHcc,0.02293142,0.12142970235651898,5491104466804203330,Probably yes,4
R_8qBidKeM3OQSwRH,0.24569131,0.3154570365757713,5491104466804203330,Probably yes,4
R_8qHRl4pmsr1KBfr,0.3472678,0.2688185677831486,5956279499423670987,Probably yes,4
R_8qNYzolRbzZxy27,0.4078727,0.18914575567842967,1438311543159492402,Definitely not,1
R_8qPzZkNWma0Lblc,0.6375953,0.2954025596171551,5491104466804203330,Maybe / Neutral,3
R_8qVEo7fvl7rXADi,0.3926387,0.20906202631931753,6469266472911271489,Probably yes,4
R_8qa2eNr6Xfu0ohP,0.036053773,0.04891312563549458,4654643768222868667,Probably yes,4
R_8qlZHrqEO8CAygo,0.098266125,0.12645844142206963,1438311543159492402,Definitely yes,5
R_8qman7LmXPWMQTX,0.02293142,0.12142970235651898,5491104466804203330,Definitely yes,5
R_8qrS0TwV14T3z7U,0.24853934,0.22230405916570622,1438311543159492402,Probably yes,4
R_8qyhaRi9EVsFpXt,0.28582174,0.17590879920116884,4654643768222868667,Maybe / Neutral,3
R_8rHE70QDbIYickL,0.15324952,0.3051238655269098,8882472840792478116,Probably yes,4
R_8rONx64D2F38Qw9,0.41070852,0.33485681236836806,2677787335628833521,Definitely not,1
R_8rpXazh70iqVYhG,0.52981406,0.19253509537433072,2456619456329951735,Maybe / Neutral,3
R_8s0aZz1vFxpPVgu,0.60803545,0.3915106438387086,8882472840792478116,Maybe / Neutral,3
R_8s5NFPDOD8GcKsH,0.6563554,0.18038538963275486,4999386554223609553,Probably yes,4
R_8sA90LnKX42CPHH,0.049279124,0.08215745900273407,2677787335628833521,Definitely not,1
R_8sBVFrz2xggR43M,0.23853365,0.17222283487878998,4144687553363237533,Probably yes,4
R_8sRZ6bijpm9Yr0s,0.7277787,0.1482259989862481,2379104632730332592,Definitely yes,5
R_8sW85unvODIBeM1,0.38442686,0.36333651788898425,3296746765751020342,Probably yes,4
R_8spsZ8cIXSJNG11,0.21888292,0.39845088363225767,796938348966095696,Maybe / Neutral,3
R_8t5W0z1aKTf6Bi0,0.47316903,0.2925259030003192,2379104632730332592,Maybe / Neutral,3
R_8ttKfMfPgQXL91p,0.19071768,0.2100312113925562,3433419919801643428,Definitely yes,5
R_8tuoYjfrSUaexod,0.25939852,0.31274151496508906,2863891820726563392,Probably yes,4
R_8uJtdfPag5lvaOz,0.5844752,0.5667045216478717,8882472840792478116,Definitely yes,5
R_8uWzms4LbIzdGxy,0.24482182,0.3792161145344061,2379104632730332592,Probably yes,4
R_8uZmYoq5qzaogfL,0.16580375,0.16596958015987068,2379104632730332592,Maybe / Neutral,3
R_8umEDz02X4a1n5D,0.42131436,0.262449979140355,5956279499423670987,Maybe / Neutral,3
R_8uyC1ZztQsQHw35,0.07534151,0.1913502106213695,3433419919801643428,Probably yes,4
R_8v0m6JrkpVGU3Eo,0.02293142,0.12142970235651898,5491104466804203330,Maybe / Neutral,3
R_8vSKktWBhyyWgTL,0.23298521,0.6354789188375194,6469266472911271489,Definitely not,1
R_8vZX4YKdfXItzbw,0.08847332,0.19070790371559831,4195877563533573975,Probably yes,4
R_8vwVscYIb1kglAB,0.43931878,0.311233688185045,530986469579384120,Probably yes,4
R_8w4dyfvoNwyMbea,0.057334855,0.12385732569845685,2379104632730332592,Probably yes,4
R_8w6t3RxXjJ47Awu,0.02293142,0.12142970235651898,5491104466804203330,Probably yes,4
R_8wBtGla6eePJiLu,0.3971769,0.3813007332560213,2677787335628833521,Maybe / Neutral,3
R_8wRHragRiv8OdoQ,0.20762667,0.13624356701008294,4144687553363237533,Probably yes,4
R_8wX9clXerX38wfv,0.31147605,0.2547734107999158,2379104632730332592,Maybe / Neutral,3
R_8xJK9I0zfAi1B0C,0.5163863,0.24095322069974187,8015383549983446921,Maybe / Neutral,3
R_8xKI10UGF6uVrEF,0.27638966,0.16980444391655342,8015383549983446921,Probably yes,4
R_8xOVASJmFvbpVqp,0.2515881,0.10276058609261647,4195877563533573975,Maybe / Neutral,3
R_8xYVWHxcaOHMbF7,0.21553065,0.1749514834849908,2379104632730332592,Definitely yes,5
R_8xxcElM0kPciic6,0.19562227,0.2022456344399013,5956279499423670987,Maybe / Neutral,3
R_8yf5JoIZsXv70rV,0.25514847,0.16645860197440104,5956279499423670987,Definitely yes,5
R_8ygvCVnJEz7oJBN,0.4519611,0.2646727787562151,530986469579384120,Definitely yes,5
R_8ykppWandBNaapy,0.8865905,0.12926362142294986,796938348966095696,Probably yes,4
R_8ylUsFtBNM2JSxQ,0.24569131,0.3154570365757713,5491104466804203330,Maybe / Neutral,3
R_8z1utfKnSgbKNPP,0.28441352,0.28951342667802993,2456619456329951735,Definitely yes,5
R_8zGz9YfglRb9G3w,0.5803834,0.1762775911592227,5956279499423670987,Definitely yes,5
R_8zNk6H9Y2LMNUBE,0.15324952,0.3051238655269098,8882472840792478116,Probably yes,4
R_8zUitclz2X3KNPj,0.11673525,0.3221768840103668,2734917814992372242,Definitely not,1
R_8zew2yAw8J8CMhK,0.31690255,0.1434343045338728,530986469579384120,Maybe / Neutral,3
R_8zwoTzXq9CXHAn4,0.1939598,0.2646213110177411,2456619456329951735,Definitely not,1
